{
  "appName": "SMB Express",
  "recent_reviews": "المراجعات الأخيرة",
  "login": "تسجيل الدخول",
  "skip": "تجاهل",
  "about": "عن",
  "submit": "أرسل",
  "verify": "التحقق",
  "verify_phone":"التحقق من رقم الجوال",
  "select_your_preferred_languages": "اختر لغتك المفضلة",
  "order_id": "رقم الطلب",
  "checkout": "السداد",
  "payment_mode": "طريقة السداد",
  "paymentMethod": "طريقة الدفع",
  "paymentMethods": "طٌرق الدفع",
  "paymentCard": "بطاقة الدفع",
  "select_your_preferred_payment_mode": "اختر طريقة السداد المفضلة",
  "or_checkout_with": "أو السداد عبر",
  "subtotal": "الإجمالي الفرعي",
  "total": "الإجمالي",
  "confirm_payment": "تأكيد السداد",
  "menu": "القائمة",
  "information": "معلومات",
  "options": "خيارات",
  "reviews": "مراجعات",
  "quantity": "الكمية",
  "add_to_cart": "إضافة الى السلة",
  "faq": "التعليمات",
  "help_supports": "المساعدة",
  "app_language": "اللغة",
  "i_forgot_password": "نسيت كلمة المرور ?",
  "i_dont_have_an_account": "لا أملك حساب?",
  "notifications": "الإشعارات",
  "notification_settings": "إعدادات الإشعارات",
  "confirmation": "التأكيد",
  "your_order_has_been_successfully_submitted": "تم ارسال طلبك بنجاح",
  "tax": "ضريبة",
  "profile": "الملف الشخصي",
  "favorites": "المفضلة",
  "home": "الرئيسية",
  "payment_options": "خيارات السداد",
  "cash_on_delivery": "الدفع عند الاستلام",
  "cash_on_delivery_amount": "مبلغ الدفع عند الاستلام",
  "paypal_payment": "السداد عبر باي بال",
  "recent_shipments": "الشحنات الأخيرة",
  "settings": "الإعدادات",
  "profile_settings": "إعدادات الملف الشخصي",
  "full_name": "الأسم الكامل",
  "email": "البريد الإلكتروني",
  "phone": "رقم الجوال",
  "address": "العنوان",
  "addresses": "العناوين",
  "payments_settings": "إعدادات السداد",
  "default_credit_card": "بطاقة الإئتمان الإفتراضية",
  "app_settings": "إعدادات التطبيق",
  "languages": "اللغات",
  "english": "English",
  "help_support": "المساعدة",
  "register": "التسجيل",
  "lets_start_with_register": "!لنبدأ بالتسجيل",
  "should_be_more_than_3_letters": "يجب أن يكون أكثر من 3 أحرف",
  "john_doe": "فلان الفلاني",
  "should_be_a_valid_email": "يجب ادخال بريد إلكتروني مفعل",
  "should_be_more_than_6_letters": "يجب أن يكون أكثر من 6 أحرف",
  "password": "كلمة السر",
  "i_have_account_back_to_login": "لديك حساب؟ العودة لتسجيل الدخول",
  "tracking_order": "تتبع الطلب",
  "reset_cart": "إعادة تعيين السلة?",
  "cart": "السلة",
  "shopping_cart": "سلة التسوق",
  "lets_start_with_login": "!لنبدأ بالتسجيل",
  "should_be_more_than_3_characters": "يجب أن يكون أكثر من 3 أحرف",
  "reset": "إعادة تعيين",
  "close": "إغلاق",
  "application_preferences": "تفضيلات التطبيق",
  "help__support": "المساعدة",
  "light_mode": "الوضع المضيء",
  "dark_mode": "الوضع الداكن",
  "log_out": "تسجيل الخروج",
  "version": "النسخة",
  "empty_cart": "السلة فارغه",
  "no_data_found": "لا توجد بيانات",
  "start_exploring": "ابدأ رحلة الإستكشاف",
  "empty_notification_list": "قائمة الإشعارات فارغه",
  "payment_settings": "إعدادات السداد",
  "not_a_valid_number": "رقم غير صالح",
  "not_a_valid_date": "تاريخ غير صالح",
  "not_a_valid_cvc": "كود التحقق من البطاقة غير صالح",
  "cancel": "إلغاء",
  "save": "حفظ",
  "edit": "تعديل",
  "not_a_valid_full_name": "الإسم الكامل غير صالح",
  "email_address": "البريد الإلكتروني",
  "not_a_valid_email": "البريد الإلكتروني غير صالح",
  "not_a_valid_phone": "رقم الجوال غير صالح",
  "not_a_valid_address": "العنوان غير صالح",
  "not_a_valid_address_description": "توصيف العنوان غير صالح",
  "not_a_valid_biography": "سيرة غير صحيحة",
  "your_biography": "سيرتك الشخصية",
  "your_address": "عنوانك",
  "search": "بحث",
  "recents_search": "عمليات البحث الأخيرة",
  "verify_your_internet_connection": "الرجاء التحقق من خدمة الإنترنت",
  "carts_refreshed_successfuly": "تم تحديث السلة بنجاح",
  "notifications_refreshed_successfuly": "تم تحديث الإشعارات بنجاح",
  "order_refreshed_successfuly": "تم تحديث الطلب بنجاح",
  "orders_refreshed_successfuly": "تم تحديث الطلبات بنجاح",
  "profile_settings_updated_successfully": "تم تحديث إعدادات الملف الشخصي بنجاح",
  "payment_settings_updated_successfully": "تم تحديث اعدادات السداد بنجاح",
  "tracking_refreshed_successfuly": "تم تحديث التتبع بنجاح",
  "welcome": "مرحبا",
  "wrong_email_or_password": "خطأ في البريد الإلكتروني أو كلمة السر",
  "addresses_refreshed_successfuly": "تم تحديث العناوين بنجاح",
  "add": "إضافة",
  "new_address_added_successfully": "تم إضافة العنوان الجديد بنجاح",
  "the_address_updated_successfully": "تم تحديث العوان بنجاح",
  "long_press_to_edit_item_swipe_item_to_delete_it": "للتعديل قم بالضغط مطولا على العنصر, للحذف قم بالتمرير",
  "add_delivery_address": "إضافة عنوان مرسل",
  "home_address": "العنوان الرئيسي للمرسل",
  "description": "الوصف",
  "hint_full_address": "الدولة، المدينة ، الحي ، الشارع ، أقرب معلم ، رقم المبنى، الدور",
  "full_address": "العنوان الكامل",
  "email_to_reset_password": "البريد الإلكتروني لإعادة تعيين كلمة المرور",
  "send_password_reset_link": "ارسال رابط",
  "i_remember_my_password_return_to_login": "أتذكر كلمة المرور، العودة لتسجيل الدخول",
  "your_reset_link_has_been_sent_to_your_email": "تم ارسال رابط اعادة التعيين على بريدك الإلكتروني",
  "error_verify_email_settings": "خطأ! التحقق من إعدادات البريد الإلكتروني",
  "guest": "ضيف",
  "you_must_signin_to_access_to_this_section": "يجب تسجيل الدخول",
  "reviews_refreshed_successfully": "تم تحديث المراجعات بنجاح!",
  "delivery_fee": "رسوم السحن",
  "order_status_changed": "تم تغيير حالة الطلب",
  "new_order_from_client": "لديك طلب جديد من عميل",
  "shopping": "تسوق",
  "delivery_or_pickup": "توصيل أو استلام",
  "payment_card_updated_successfully": "تم تحديث بطاقة السداد بنجاح",
  "deliverable": "قابل للتوصيل",
  "not_deliverable": "غير قابل للتوصيل",
  "items": "عناصر",
  "delivery": "توصيل",
  "pickup": "استلام",
  "closed": "مغلق",
  "open": "مفتوح",
  "km": "كيلومتر",
  "mi": "ميل",
  "current_location": "الموقع الحالي",
  "delivery_address_removed_successfully": "تم إزالة عنوان التوصيل بنجاح",
  "add_new_delivery_address": "اضافة عنوان توصيل جديد",
  "stores_near_to_your_current_location": "فروع قريبة من موقعك الحالي",
  "stores_near_to": "فروع قريبة الى",
  "near_to": "قريب الى",
  "near_to_your_current_location": "قريب من موقعك الحالي",
  "pickup_your_product_from_the_store": "استلام الشحنة من الفرع",
  "confirm_your_delivery_address": "تأكيد عنوان الشحن الخاص بك",
  "filter": "فرز",
  "clear": "مسح",
  "apply_filters": "تطبيق الفرز",
  "fields": "حقول",
  "all": "الكل",
  "unknown": "غير معروف",
  "click_on_the_stars_below_to_leave_comments": "اضغط على النجوم أدناه لترك تعليق",
  "visa_card": "بطاقة فيزا",
  "mastercard": "بطاقة ماستر",
  "paypal": "باي بال",
  "pay_on_pickup": "السداد عند ارسال الشحنة",
  "click_to_credit_card_payment": "للسداد عبر البطاقة الإئتمانية",
  "click_to_pay_cash_on_delivery": "للسداد عند تسليم توصيل الشحنة",
  "click_to_pay_on_pickup": "للسداد عند ارسال الشحنة",
  "this_email_account_exists": "البريد الإلكتروني مسجل مسبقا",
  "this_account_not_exist": "الحساب غير مسجل",
  "card_number": "رقم البطاقة",
  "expiry_date": "تاريخ الإنتهاء",
  "cvv": "cvv",
  "your_credit_card_not_valid": "البطاقة الإئتمانية غير صالحة",
  "number": "رقم",
  "exp_date": "تنتهي في",
  "cvc": "CVC",
  "verify_your_account":"التحقق من حسابك",
  "otpSentTo": "يتم ارسال رقم التحقق الى $phone, الرجاء التأكد من جوالك",
  "detail": "التفاصيل",
  "review": "مراجعة",
  "featured": "متميز",
  "your_reviews": "مراجعة الخدمة",
  "make_it_default": "التعيين كافتراضي",
  "this_notification_was_removed": "تم ازالة الإشعار",
  "unpaid": "غير مدفوع",
  "shipped": "تم الشحن",
  "on_the_way": "في الطريق",
  "preparing": "التحظير",
  "completeYourProfileDetailsToContinue": "الرجاء اكمال ملفك الشخصي للمتابعة",
  "select_country": "اختر الدولة",
  "select_city": "اختر المدينة",
  "pickup_addresses": "عناوين الإلتقاط",
  "delivery_addresses": "عناوين التوصيل",
  "pickup_address": "عنوان الإلتقاط",
  "delivery_address": "عنوان التوصيل",
  "default_address": "العنوان الافتراضي",
  "your_mobile": "رقم جوالك",
  "arrived": "وصلت",
  "delivered": "تم التوصيل",
  "cancelled": "تم الإلغاء",
  "in_origin": "في المصدر",
  "plate_number": "رقم اللوحة",
  "optional": "اختياري",
  "model_year": "سنة الموديل",
  "booking_notes": "ملاحظات الحجز",
  "pickup_date": "تاريخ الإلتقاط",
  "pickup_time": "وقت الإلتقاط",
  "notes": "ملاحظات",
  "send": "ارسال",
  "shipmentDetail": "تفاصيل الشحنة",
  "newShipment": "شحنة جديدة",
  "editShipment": "تعديل على الشحنة",
  "new_address": "عنوان جديد",
  "yes": "نعم",
  "zip": "رمز",
  "street": "الشارع",
  "city": "المدينة",
  "country": "الدولة",
  "mobile": "الجوال",
  "booking_id": "رقم الحجز",
  "should_be_a_valid_phone": "يجب أن يكون رقم جوال صالح",
  "smsHasBeenSentTo": "تم ارسال رسالة نصية الى $phone",
  "phoneToSendSms": "رقم الجوال لارسال رسالة نصية",
  "yourPhoneNumber": "رقم جوالك",
  "resend": "اعادة ارسال",
  "edit_name": "تعديل الاسم",
  "change_password": "تغيير كلمة السر",
  "track_shipment": "تتبع شحنة",
  "tracking_results": "نتائج التتبع",
  "add_address": "اضافة عنوان",
  "edit_address": "تعديل عنوان",
  "select_pick_addess": "اختر عنوان إلتقاط",
  "select_deliv_address": "اختر عنوان توصيل",
  "select_pick_date": "اختر تاريخ إلتقاط",
  "select_pic_time": "اختر وقت إلتقاط",
  "warning": "تحذير",
  "error": "خطأ",
  "upgradePrompt": "هل تود التحيث الآن؟",
  "upgradeMessage": "يوجد اصدار جديدة من $appName",
  "upgradeReleaseNotes": "ملاحظات الإصدار",
  "upgradeUpdateApp": "تحديث التطبيق؟",
  "logoutConfirm": "تأكيد تسجيل الخروج من الحساب، هل أنت متأكد؟",
  "privacy": "الخصوصية",
  "termAndConditions": "الشروط والأحكام",
  "shipment": "شحنة",
  "shipments": "شحنات",
  "shipment_list": "قائمة الشحنات",
  "rate": "السعر",
  "from_country": "من الدولة",
  "from_city": "من المدينة",
  "to_country": "الى الدولة",
  "to_city": "الى المدينة",
  "branch": "فرع",
  "branches": "فروع",
  "content": "محتوى",
  "setup": "اعداد",
  "rateShipment": "سعر الشحنة",
  "pickupDate": "تاريخ الإلتقاط",
  "pickupTime": "وقت الإلتقاط",
  "selectValidShippingAddressFirst": "أولا، اختر عنوان ارسال صالح",
  "itemRate": "سعر العنصر",
  "noRateAvailable": "لا يتوفر سعر!",
  "cancelShipment": "إلغاء الشحنة",
  "createReturnShipment": "انشاء استعادة شحنة",
  "showPdfLabel": "اضهار ملصق الشحن",
  "pdfLabel": "ملصق الشحن",
  "selectAction": "اختر اجراء",
  "shipmentCreatedSuccess": "تم انشاء الشحنة بنجاح",
  "done": "تم",
  "oops": "oops!",
  "account": "حساب",
  "general": "عام",
  "accountSettings": "اعدادات الحساب",
  "tapBackAgainToLeave": "للمغادرة اضغط مرتين للخلف",
  "packageType": "نوع الشحنة",
  "packageInfo": "معلومات الشحنة",
  "service": "خدمة",
  "weight": "وزن",
  "trackShipment": "تتبع الشحنة",
  "track": "تتبع",
  "setTrackingShipment": "اكتب كود التتبع",
  "eta": "تاريخ التوصيل المتوقع",
  "copiedToClipboard": "تم النسخ",
  "saveAsDefault": "الحفظ كافتراضي",
  "saveToUseLater": "الحفظ للاستخدام لاحقا",
  "shipFromBranch": "الشحن من الفرع",
  "deliveryToBranch": "التوصيل للفرع",
  "selectBranch": "اختر فرع",
  "from": "من",
  "to": "الى",
  "more": "اكثر",
  "retry": "اعادة المحاولة",
  "enableLocation": "تمكين خدمة تحديد الموقع",
  "enableLocationPermission": "تمكين أذونات تحديد الموقع",
  "outgoing": "صادر",
  "outgoingShipments": "شحنات صادرة",
  "incoming": "وارد",
  "incomingShipments": "شحنات واردة",
  "balance": "الرصيد",
  "acceptTerm": "الموافقة على الشروط والأحكام",
  "saveTrackingHistory": "الحفظ في سجل التتبع",
  "removeTrackingHistory": "الحذف من سجل التتبع",
  "trackingHistory": "سجل التتبع",
  "notSetYet": "لم تحدد بعد",
  "payNow": "السداد الآن",
  "home_init_line1": "توصيل كل ما تتمنى",
  "home_init_line2": "من والى منزلك",
  "workingTime": "ساعات العمل",
  "tapToSelectPackageType": "انقر لتحديد نوع الشحنة",
  "selectRate": "اختر السعر المناسب",
  "verifyYourEmail": "يرجى مراجعة صندوق الوارد للتحقق من الايميل",
  "shareApp": "مشاركة التطبيق",
  "shareTitle": "تنصيب تطبيق SMB اكسبرس",
  "shareText": "انشاء شحنات وصدرها اينما كنت وحيثما تريد باستخدام تطبيق SMB اكسبرس",
  "buttons": {
    "yes": "نعم",
    "No": "لا",
    "discard": "تجاهل",
    "ignore": "تجاهل",
    "later": "لاحقا",
    "update": "تحديث",
    "submit": "ارسال",
    "publish": "نشر",
    "backToScan": "العودة للمسح",
    "ok": "حسنا",
    "cancel": "إلغاء",
    "clear": "مسح",
    "delete": "حذف",
    "remove": "حذف",
    "add": "اضافة",
    "copy": "نسخ",
    "scan": "مسح",
    "save": "حفظ",
    "back": "عودة",
    "send": "ارسال",
    "updateNow": "حدث الآن",
    "next": "التالي",
    "previous": "السابق",
    "finish": "انهاء",
    "confirm": "تأكيد"
  },
  "statusMap": {
    "shipped": "تم الشحن",
    "inTransit": "في مرحلة العبور",
    "arrived": "وصلت",
    "delivered": "تم التوصيل"
  },
  "errorMessages":{
    "somethingWrong": "حدث خطأ"
  },
  "form": {
    "requiredErrorText": "لايمكن ترك هذا الحقل خاليا.",
    "minErrorText": "القيمة المدخلة يجب أن تكون أكبر او تساوي $min.",
    "minLengthErrorText": "القيمة المدخلة يجب أن تكون أكبر أو تساوي $minLength",
    "maxErrorText": "القيمة المدخلة يجب أن تكون أقل أو تساوي $min.",
    "maxLengthErrorText": "القيمة المخلة يجب أن تكون أقل أو تساوي $maxLength",
    "emailErrorText": "يتطلب هذا الحق بريد إلكتروني صالح.",
    "integerErrorText": "يتطلب هذا الحق اعداد صحيحة.",
    "equalErrorText": "يتطلب هذا الحقل قيمة تساوي $value.",
    "notEqualErrorText": "قيمة هذاالحقل يجب ألا تساوي $value.",
    "urlErrorText": "يتطلب هذا الحقل عنوان ألكتروني صالح.",
    "matchErrorText": "القيمة غير مطابقة للنمط.",
    "numericErrorText": "القيمة المدخلة يجب أن تكون فقط أرقام",
    "creditCardErrorText": "يتطلب هذا الحقل رقم بطاقة ائتمانية صالح.",
    "ipErrorText": "يتطلب هذا الحقل رقم IP صالح",
    "dateStringErrorText": "يتطلب هذا الحقل تسلسل تاريخ صحيح."
  },
  "showWaybillInvoice": "عرض فاتورة البوليصة",
  "waybillInvoice": "فاتورة البوليصة",
  "deliveryConfirm": "تأكيد معلومات التسليم",
  "pickupConfirm": "تأكيد معلومات الشحن",
  "selectOnMap": "الاختيار من الخارطة",
  "confirmDeleteAddress": "لقد قمت باختيار حذف العنوان: \"$address\".\nهل انت متأكد تريد الحذف؟",
  "subject": "الموضوع",
  "loginOrSignupDes": "تسجيل الدخول او انشاء حساب",
  "accountSettingsDes": "اعدادات الحساب والملف الشخصي",
  "browsePickupAddressDes": "استعراض عتاوين المرسل",
  "browseDeliveryAddressDes": "استعراض عنواين التسليم",
  "openPrivacyDes": "فتح سياسة الخصوصية",
  "helpTopicsDes": "دليل التعليمات",
  "openTermsDes": "استراض الشروط والاحكام",
  "infoAboutDes": "تفاصيل اكثر من نحن",
  "senFeedback": "ارسل رأيك",
  "senFeedbackDes": "ستكون ملاحظاتكم محل اهتمامنا",
  "paymentMethodUnavailable": "طرق الدفع غير متوفرة حاليا",
  "paymentDoneSuccess": "تم الدفع بنجاح.",
  "creditCard": "بطاقة اتمانية",
  "cash": "نقد",
  "writeFeedbackToUs":  "ما تقييمك لـ smb Express?",
  "writeFeedback": "كتابة ملاحظات",
  "sendFeedback": "إرسال الملاحظات",
  "writeComment":  "اكتب التعليق",
  "askQuestion":  "ضع استفسارك",
  "parcelQuantity": "عدد الصناديق",
  "bills": "الفواتير",
  "bill": "فاتورة",
  "myBills": "فواتيري",
  "transactions": "عمليات مالية",
  "transaction": "عملية مالية",
  "emptyItemList": "قائمة $items فارغة!",
  "confirmDeleteItem": "لقد اخترت حذف $entity: \"$item\".\nهل أنت متأكد أنك تريد حذف؟",
  "confirmShipmentTermLink": "من خلال التأكيد ، فإنك توافق على ",
  "addressNotSupported": "خدمات الشحن لدينا لايدعم الموقع الذي تم اختيارة!",
  "tapToSelectLocation": "انقر لتحديد هذا الموقع"

}