{
  "appName": "SMB Express",
  "recent_reviews": "Recent Reviews",
  "login": "Login",
  "skip": "Skip",
  "about": "About",
  "submit": "Submit",
  "verify": "Verify",
  "verify_phone":"Verify Phone",
  "select_your_preferred_languages": "Select your preferred languages",
  "order_id": "Order Id",
  "checkout": "Checkout",
  "payment_mode": "Payment Mode",
  "paymentMethod": "Payment Method",
  "paymentMethods": "Payment Methods",
  "paymentCard": "Payment card",
  "select_your_preferred_payment_mode": "Select your preferred payment mode",
  "or_checkout_with": "Or Checkout With",
  "subtotal": "Subtotal",
  "total": "Total",
  "confirm_payment": "Confirm Payment",
  "menu": "Menu",
  "information": "Information",
  "options": "Options",
  "reviews": "Reviews",
  "quantity": "Quantity",
  "add_to_cart": "Add to Cart",
  "faq": "Faq",
  "help_supports": "Help & Supports",
  "app_language": "App Language",
  "i_forgot_password": "I forgot password ?",
  "i_dont_have_an_account": "I don't have an account?",
  "notifications": "Notifications",
  "notification_settings": "Notification settings",
  "confirmation": "Confirmation",
  "your_order_has_been_successfully_submitted": "Your order has been successfully submitted!",
  "tax": "TAX",
  "profile": "Profile",
  "favorites": "Favorites",
  "home": "Home",
  "payment_options": "Payment Options",
  "cash_on_delivery": "Cash on delivery",
  "cash_on_delivery_amount": "Amount of cash on delivery",
  "paypal_payment": "PayPal Payment",
  "recent_shipments": "Recent Shipment",
  "settings": "Settings",
  "profile_settings": "Profile Settings",
  "full_name": "Full name",
  "email": "Email",
  "phone": "Phone",
  "address": "Address",
  "addresses": "Addresses",
  "payments_settings": "Payments Settings",
  "default_credit_card": "Default Credit Card",
  "app_settings": "App Settings",
  "languages": "Languages",
  "english": "English",
  "help_support": "Help & Support",
  "register": "Register",
  "lets_start_with_register": "Let's Start with register!",
  "should_be_more_than_3_letters": "Should be more than 3 letters",
  "john_doe": "John Doe",
  "should_be_a_valid_email": "Should be a valid email",
  "should_be_more_than_6_letters": "Should be more than 6 letters",
  "password": "Password",
  "i_have_account_back_to_login": "I have account? Back to login",
  "tracking_order": "Tracking Order",
  "reset_cart": "Reset Cart?",
  "cart": "Cart",
  "shopping_cart": "Shopping Cart",
  "lets_start_with_login": "Let's Start with Login!",
  "should_be_more_than_3_characters": "Should be more than 3 characters",
  "reset": "Reset",
  "close": "Close",
  "application_preferences": "Application Preferences",
  "help__support": "Help & Support",
  "light_mode": "Light Mode",
  "dark_mode": "Dark Mode",
  "log_out": "Log out",
  "version": "Version",
  "empty_cart": "Cart is empty",
  "no_data_found": "No data found",
  "start_exploring": "Start Exploring",
  "empty_notification_list": "Notification list is empty",
  "payment_settings": "Payment Settings",
  "not_a_valid_number": "Not a valid number",
  "not_a_valid_date": "Not a valid date",
  "not_a_valid_cvc": "Not a valid CVC",
  "cancel": "Cancel",
  "save": "Save",
  "edit": "Edit",
  "not_a_valid_full_name": "Not a valid full name",
  "email_address": "Email Address",
  "not_a_valid_email": "Not a valid email",
  "not_a_valid_phone": "Not a valid phone",
  "not_a_valid_address": "Not a valid address",
  "not_a_valid_address_description": "Not a valid address Description",
  "not_a_valid_biography": "Not a valid biography",
  "your_biography": "Your biography",
  "your_address": "Your Address",
  "search": "Search",
  "recents_search": "Recents Search",
  "verify_your_internet_connection": "Please, verify your internet connection",
  "carts_refreshed_successfuly": "Carts refreshed successfully",
  "notifications_refreshed_successfuly": "Notifications refreshed successfully",
  "order_refreshed_successfuly": "Order refreshed successfully",
  "orders_refreshed_successfuly": "Orders refreshed successfully",
  "profile_settings_updated_successfully": "Profile settings updated successfully",
  "payment_settings_updated_successfully": "Payment settings updated successfully",
  "tracking_refreshed_successfuly": "Tracking refreshed successfully",
  "welcome": "Welcome",
  "wrong_email_or_password": "Wrong email or password",
  "addresses_refreshed_successfuly": "Addresses refreshed successfuly",
  "add": "Add",
  "new_address_added_successfully": "New Address added successfully",
  "the_address_updated_successfully": "The address updated successfully",
  "long_press_to_edit_item_swipe_item_to_delete_it": "Long press to edit item, swipe item to delete it",
  "add_delivery_address": "Add Shipping Address",
  "home_address": "Home Address",
  "description": "Description",
  "hint_full_address": "12 Street, City 21663, Country",
  "full_address": "Full Address",
  "email_to_reset_password": "Email to reset password",
  "send_password_reset_link": "Send link",
  "i_remember_my_password_return_to_login": "I remember my password return to login",
  "your_reset_link_has_been_sent_to_your_email": "Your reset link has been sent to your email",
  "error_verify_email_settings": "Error! Verify email settings",
  "guest": "Guest",
  "you_must_signin_to_access_to_this_section": "You must sign-in to access to this section",
  "reviews_refreshed_successfully": "Reviews refreshed successfully!",
  "delivery_fee": "SHipping Fee",
  "order_status_changed": "Order status changed",
  "new_order_from_client": "New order from client",
  "shopping": "Shopping",
  "delivery_or_pickup": "Delivery or Pickup",
  "payment_card_updated_successfully": "Payment card updated successfully",
  "deliverable": "Deliverable",
  "not_deliverable": "Not Deliverable",
  "items": "Items",
  "delivery": "Delivery",
  "pickup": "Pickup",
  "closed": "Closed",
  "open": "Open",
  "km": "Km",
  "mi": "mi",
  "current_location": "Current location",
  "delivery_address_removed_successfully": "Delivery Address removed successfully",
  "add_new_delivery_address": "Add new delivery address",
  "stores_near_to_your_current_location": "Stores near to your current location",
  "stores_near_to": "Stores near to",
  "near_to": "Near to",
  "near_to_your_current_location": "Near to your current location",
  "pickup_your_product_from_the_store": "Pickup your product from the store",
  "confirm_your_delivery_address": "Confirm your shipping address",
  "filter": "Filter",
  "clear": "Clear",
  "apply_filters": "Apply Filters",
  "fields": "Fields",
  "all": "All",
  "unknown": "Unknown",
  "click_on_the_stars_below_to_leave_comments": "Click on the stars below to leave comments",
  "visa_card": "Visa Card",
  "mastercard": "MasterCard",
  "paypal": "PayPal",
  "pay_on_pickup": "Pay on Pickup",
  "click_to_credit_card_payment": "Click to pay using credit card",
  "click_to_pay_cash_on_delivery": "Click to pay cash on delivery",
  "click_to_pay_on_pickup": "Click to pay on pickup",
  "this_email_account_exists": "This email account exists",
  "this_account_not_exist": "This account not exist",
  "card_number": "CARD NUMBER",
  "expiry_date": "EXPIRY ON",
  "cvv": "CVV",
  "your_credit_card_not_valid": "Your credit card not valid",
  "number": "Number",
  "exp_date": "Exp Date",
  "cvc": "CVC",
  "verify_your_account":"Verify Your Account",
  "otpSentTo": "Sending OTP to $phone, Please validate your mobile number",
  "detail": "Detail",
  "review": "Review",
  "featured": "Featured",
  "your_reviews": "Product Reviews",
  "make_it_default": "Set as default",
  "this_notification_was_removed": "This notification was removed",
  "unpaid": "Unpaid",
  "shipped": "Shipped",
  "on_the_way": "On the Way",
  "preparing": "Preparing",
  "completeYourProfileDetailsToContinue": "Complete your profile details to continue",
  "select_country": "Select Country",
  "select_city": "Select city",
  "pickup_addresses": "Pickup Addresses",
  "delivery_addresses": "Delivery Addresses",
  "pickup_address": "Pickup Address",
  "delivery_address": "Delivery Address",
  "default_address": "Default Address",
  "your_mobile": "Your mobile number",
  "arrived": "Arrived",
  "delivered": "Delivered",
  "cancelled": "Cancelled",
  "in_origin": "In Origin",
  "plate_number": "Plate Number",
  "optional": "Optional",
  "model_year": "Model Year",
  "booking_notes": "Booking Notes",
  "pickup_date": "Pickup Date",
  "pickup_time": "Pickup Time",
  "notes": "Notes",
  "send": "Send",
  "shipmentDetail": "Shipment detail",
  "newShipment": "New shipment",
  "editShipment": "Edit shipment",
  "new_address": "New address",
  "yes": "Yes",
  "zip": "ZIP",
  "street": "Street Address",
  "city": "City",
  "country": "Country",
  "mobile": "Mobile",
  "booking_id": "Booking id",
  "should_be_a_valid_phone": "Should be a valid phone number",
  "smsHasBeenSentTo": "SMS has been sent to $phone",
  "phoneToSendSms": "Phone to send SMS",
  "yourPhoneNumber": "Your Phone Number",
  "resend": "Re-Send",
  "edit_name": "Edit Name",
  "change_password": "Change Password",
  "track_shipment": "Track Shipment",
  "tracking_results": "Tracking Results",
  "add_address": "Add Address",
  "edit_address": "Edit Address",
  "select_pick_addess": "Select Pickup Address",
  "selectDefaultAddress": "Select Delivery Address",
  "select_pick_date": "Select Pickup Date",
  "select_pic_time": "Select Pickup Time",
  "warning": "Warning",
  "error": "Error",
  "upgradePrompt": "Would you like to update it now?",
  "upgradeMessage": "A new version of $appName is available!",
  "upgradeReleaseNotes": "Release Notes",
  "upgradeUpdateApp": "Update App?",
  "logoutConfirm": "Are you sure?\\nLogout of your account?",
  "privacy": "privacy",
  "termAndConditions": "Term and conditions",
  "shipment": "Shipment",
  "shipments": "Shipments",
  "shipment_list": "Shipment List",
  "rate": "Rate",
  "from_country": "From country",
  "from_city": "From city",
  "to_country": "To country",
  "to_city": "To city",
  "branch": "Branch",
  "branches": "Branches",
  "content": "Content",
  "setup": "Setup",
  "rateShipment": "Rate Shipment",
  "pickupDate": "Pickup Date",
  "pickupTime": "Pickup Time",
  "selectValidShippingAddressFirst": "Select valid shipping address first!",
  "itemRate": "Item Rate",
  "noRateAvailable": "No rate available!",
  "cancelShipment": "Cancel shipment",
  "createReturnShipment": "Create return shipment",
  "showPdfLabel": "Show PDF label",
  "pdfLabel": "PDF label",
  "selectAction": "Select Action",
  "shipmentCreatedSuccess": "Shipment created successfully",
  "done": "Done",
  "oops": "oops!",
  "account": "Account",
  "general": "General",
  "accountSettings": "Account settings",
  "tapBackAgainToLeave": "Tap back again to leave",
  "packageType": "Package type",
  "packageInfo": "Package information",
  "service": "Service",
  "weight": "Weight",
  "trackShipment": "Track shipment",
  "track": "Track",
  "setTrackingShipment": "Write tracking code",
  "eta": "Estimated delivery date",
  "copiedToClipboard": "Copied :value to the clipboard",
  "saveAsDefault": "Save as default",
  "saveToUseLater": "Save to use it later",
  "shipFromBranch": "Shipping from branch",
  "deliveryToBranch": "Delivery to a branch",
  "selectBranch": "Select branch",
  "from": "From",
  "to": "To",
  "more": "More",
  "retry": "Retry",
  "enableLocation": "Enable location service",
  "enableLocationPermission": "Enable location permission",
  "outgoing": "Outgoing",
  "outgoingShipments": "Outgoing shipments",
  "incoming": "Incoming",
  "incomingShipments": "Incoming shipments",
  "balance": "Balance",
  "acceptTerm": "Accept term & condition",
  "saveTrackingHistory": "Save to tracking history",
  "removeTrackingHistory": "Remove from tracking history",
  "trackingHistory": "Tracking history",
  "notSetYet": "Not set yet",
  "payNow": "Pay now",
  "home_init_line1": "Delivery what you need",
  "home_init_line2": "Just stay at home",
  "workingTime": "Working time",
  "tapToSelectPackageType": "Tap to select package type",
  "selectRate": "Choose suitable rate",
  "verifyYourEmail": "Please check your inbox to verify the email.",
  "shareApp": "Share App",
  "shareTitle": "Install SMB Express App",
  "shareText": "Create a shipping label, track shipment status and manage your addresses wherever you are with the SMB express mobile app",
  "addNewCreditCard": "Add new credit card",
  "buttons": {
    "yes": "Yes",
    "No": "No",
    "discard": "Discard",
    "ignore": "Ignore",
    "later": "Later",
    "update": "Update",
    "submit": "Submit",
    "publish": "Publish",
    "backToScan": "Back to scan",
    "ok": "OK",
    "cancel": "Cancel",
    "clear": "Clear",
    "delete": "Delete",
    "remove": "Remove",
    "add": "Add",
    "copy": "Copy",
    "scan": "Scan",
    "save": "Save",
    "back": "Back",
    "send": "Send",
    "updateNow": "Update Now",
    "next": "Next",
    "previous": "Previous",
    "changePaymentMethod": "Select",
    "finish": "Finish",
    "confirm": "Confirm"
  },
  "statusMap": {
    "shipped": "Shipped",
    "inTransit": "In Transit",
    "arrived": "Arrived",
    "delivered": "Delivered"
  },
  "errorMessages":{
    "somethingWrong": "Something went wrong"
  },
  "form": {
    "requiredErrorText": "This field cannot be empty.",
    "minErrorText": "Value must be greater than or equal to $min.",
    "minLengthErrorText": "Value must have a length greater than or equal to $minLength",
    "maxErrorText": "Value must be less than or equal to $max",
    "maxLengthErrorText": "Value must have a length less than or equal to $maxLength",
    "emailErrorText": "This field requires a valid email address.",
    "integerErrorText": "This field requires a valid integer.",
    "equalErrorText": "This field value must be equal to $value.",
    "notEqualErrorText": "This field value must not be equal to $value.",
    "urlErrorText": "This field requires a valid URL address.",
    "matchErrorText": "Value does not match pattern.",
    "numericErrorText": "Value must be numeric.",
    "creditCardErrorText": "This field requires a valid credit card number.",
    "ipErrorText": "This field requires a valid IP.",
    "dateStringErrorText": "This field requires a valid date string."

  },
  "showWaybillInvoice": "Show waybill invoice",
  "waybillInvoice": "Waybill invoice",
  "deliveryConfirm": "Delivery info confirmation",
  "pickupConfirm": "Pickup info confirmation",
  "selectOnMap": "Select from maps",
  "confirmDeleteAddress": "You have chosen to delete the address: \"$address\".\nAre you sure you want to delete?",
  "subject": "Subject",
  "loginOrSignupDes": "Login or signup your account",
  "accountSettingsDes": "Account settings & profile information",
  "browsePickupAddressDes": "Browse your pickup address list",
  "browseDeliveryAddressDes": "Browse your delivery address list",
  "openPrivacyDes": "Open privacy policy",
  "helpTopicsDes": "Help topics",
  "openTermsDes": "Open terms & conditions",
  "infoAboutDes": "Information about us",
  "senFeedback": "Send feedback",
  "senFeedbackDes": "Your comments will be of interest to us",
  "paymentMethodUnavailable": "Payment methods currently unavailable",
  "paymentDoneSuccess": "Payment completed successfully.",
  "creditCard": "Credit card",
  "cash": "Cash",
  "writeFeedbackToUs":  "What would you rate smb express?",
  "writeFeedback": "Write feedback",
  "sendFeedback": "Send feedback",
  "writeComment":  "Write comment",
  "askQuestion":  "Ask question",
  "parcelQuantity": "Parcel quantity",
  "bills": "Bills",
  "bill": "Bill",
  "myBills": "My bills",
  "transactions": "Transactions",
  "transaction": "transaction",
  "emptyItemList": "The list of $items is empty!",
  "confirmDeleteItem": "You have chosen to delete $entity: \"$item\".\nAre you sure you want to delete?",
  "confirmShipmentTermLink": "By confirming, You are agree to our ",
  "addressNotSupported": "Our shipping is not supported the selected location!",
  "tapToSelectLocation": "Tap to select this location"
}