{
  "project_info": {
    "project_number": "552302475201",
    "project_id": "courier-app-ee31b",
    "storage_bucket": "courier-app-ee31b.appspot.com"
  },
  "client": [
    {
      "client_info": {
        "mobilesdk_app_id": "1:552302475201:android:a9985578daaa256e866140",
        "android_client_info": {
          "package_name": "com.smb.smbex"
        }
      },
      "oauth_client": [
        {
          "client_id": "552302475201-467if0mmibfljetjm9tjlvgcdo5epk34.apps.googleusercontent.com",
          "client_type": 3
        }
      ],
      "api_key": [
        {
          "current_key": "AIzaSyAAmKKAdIOPUr-tK81ieE6ZiuZmGbtlrP4"
        }
      ],
      "services": {
        "appinvite_service": {
          "other_platform_oauth_client": [
            {
              "client_id": "552302475201-467if0mmibfljetjm9tjlvgcdo5epk34.apps.googleusercontent.com",
              "client_type": 3
            }
          ]
        }
      }
    },
    {
      "client_info": {
        "mobilesdk_app_id": "1:552302475201:android:3b306e0c303212ef866140",
        "android_client_info": {
          "package_name": "smb.express.courier"
        }
      },
      "oauth_client": [
        {
          "client_id": "552302475201-467if0mmibfljetjm9tjlvgcdo5epk34.apps.googleusercontent.com",
          "client_type": 3
        }
      ],
      "api_key": [
        {
          "current_key": "AIzaSyAAmKKAdIOPUr-tK81ieE6ZiuZmGbtlrP4"
        }
      ],
      "services": {
        "appinvite_service": {
          "other_platform_oauth_client": [
            {
              "client_id": "552302475201-467if0mmibfljetjm9tjlvgcdo5epk34.apps.googleusercontent.com",
              "client_type": 3
            }
          ]
        }
      }
    }
  ],
  "configuration_version": "1"
}